Entity,Year,Poverty_Index,gdp_growth,gdp_per_capita
Albania,2010,0.02349041434565685,3.70693815,4094.348386
Albania,2011,0.025418308855622605,2.545406145,4437.142612
Albania,2012,0.024330051602448475,1.4172428,4247.630047
Albania,2013,0.025262291609680902,1.00201754,4413.062005
Albania,2014,0.02621036684606791,1.774448855,4578.633208
Albania,2015,0.02266942238414732,2.218726372,3952.802538
Albania,2016,0.023653797873277416,3.314980684,4124.05539
Albania,2017,0.02596622940075344,3.8022274,4531.019374
Albania,2018,0.030256872069633352,4.019359686,5287.663694
Albania,2019,0.030844736961220854,2.113419982,5395.659532
Albania,2020,0.02992139079374386,-3.955397927,5246.292306
Armenia,2010,0.018507214132785547,2.2,3218.378299
Armenia,2011,0.020281080922498616,4.699999999,3525.807198
Armenia,2012,0.02119701491304441,7.200000001,3681.844691
Armenia,2013,0.022033521910074735,3.3,3838.17388
Armenia,2014,0.02287636352377354,3.600000001,3986.231624
Armenia,2015,0.020723835619614557,3.199999999,3607.289299
Armenia,2016,0.020598210703434452,0.2,3591.828052
Armenia,2017,0.02251942749133674,7.500000002,3914.527854
Armenia,2018,0.024224457359688572,5.2,4220.540321
Armenia,2019,0.026431585258097395,7.599999999,4604.646324
Armenia,2020,0.0243225527858296,-7.4,4266.018074
Austria,2010,0.2658079353651586,1.837093677,46858.04327
Austria,2011,0.29141897939529743,2.922797284,51374.95841
Austria,2012,0.27548185411352544,0.680445577,48567.69529
Austria,2013,0.28765198325071434,0.025504712,50716.70871
Austria,2014,0.2933314836786266,0.661272849,51717.49594
Austria,2015,0.2506100181298332,1.014501586,44178.04738
Austria,2016,0.25684916193455354,1.989437162,45276.83144
Austria,2017,0.26838587617788023,2.258572433,47312.00623
Austria,2018,0.29190369472368766,2.501595119,51461.43322
Austria,2019,0.2842572838980047,1.49121085,50114.40111
Austria,2020,0.2754961893902592,-6.734514076,48586.80132
Azerbaijan,2010,0.03342002289747139,5.048944567,5843.533768
Azerbaijan,2011,0.04098597982516457,0.1,7189.691229
Azerbaijan,2012,0.0427496607572355,2.16523943,7496.294648
Azerbaijan,2013,0.044946239934178504,5.809800945,7875.756953
Azerbaijan,2014,0.04499563920512442,2.75050703,7891.313147
Azerbaijan,2015,0.03142487665152118,1.093975846,5500.310382
Azerbaijan,2016,0.022193656244143094,-3.1,3880.738731
Azerbaijan,2017,0.023744870122707578,0.2,4147.089716
Azerbaijan,2018,0.027120456054020563,1.5,4739.84171
Azerbaijan,2019,0.027506647157336746,2.5,4805.753718
Azerbaijan,2020,0.024109018355293634,-4.3,4221.407478
Belarus,2010,0.03453244455285573,7.798266823,6033.686239
Belarus,2011,0.037298378655120125,5.37870745,6527.173869
Belarus,2012,0.03966551221546132,1.687135536,6953.132515
Belarus,2013,0.04557880893576039,1.003470841,7998.125239
Belarus,2014,0.0475332983955795,1.726384854,8341.399679
Belarus,2015,0.034007520268388686,-3.829570558,5967.052204
Belarus,2016,0.028768635716561,-2.526446436,5039.681886
Belarus,2017,0.033060229387974566,2.5321835,5785.670673
Belarus,2018,0.03632311579772685,3.149197594,6360.062473
Belarus,2019,0.03900782127557532,1.4,6837.717826
Belarus,2020,0.03663501288036786,-0.9,6424.152176
Belgium,2010,0.25042848214594465,2.864292708,44141.87814
Belgium,2011,0.268585681687119,1.694513899,47348.52502
Belgium,2012,0.25341207629332335,0.739217283,44673.11588
Belgium,2013,0.2651479528272169,0.459242193,46744.66254
Belgium,2014,0.2705790779424499,1.578533143,47700.54036
Belgium,2015,0.23256665900557713,2.041459009,40991.80814
Belgium,2016,0.23818016367701417,1.266686409,41984.10303
Belgium,2017,0.2501148108482559,1.619580278,44089.31009
Belgium,2018,0.2695564748837862,1.819203664,47519.5531
Belgium,2019,0.264301349710196,2.149559681,46591.49161
Belgium,2020,0.25608648177636295,-5.65965987,45159.34822
Bosnia and Herzegovina,2010,0.026521174762031818,0.86566926,4635.510195
Bosnia and Herzegovina,2011,0.02911242802395415,0.959511247,5092.554723
Bosnia and Herzegovina,2012,0.02730199594307773,-0.821836474,4777.066914
Bosnia and Herzegovina,2013,0.029340337037530077,2.349856663,5129.663534
Bosnia and Herzegovina,2014,0.030462501052013244,1.153851092,5330.355075
Bosnia and Herzegovina,2015,0.02708305896610854,3.089164152,4729.689959
Bosnia and Herzegovina,2016,0.02858717398846867,3.149806916,4994.971551
Bosnia and Herzegovina,2017,0.030850260251319872,3.171434875,5394.268944
Bosnia and Herzegovina,2018,0.03468880003544489,3.740071092,6070.349081
Bosnia and Herzegovina,2019,0.03495730748656331,2.831002603,6119.762345
Bosnia and Herzegovina,2020,0.03465412509147698,-3.196950134,6079.738285
Bulgaria,2010,0.03909623774487854,1.541801443,6853.002854
Bulgaria,2011,0.04474856206111022,2.10120575,7849.165283
Bulgaria,2012,0.04237015026349305,0.754930386,7432.478766
Bulgaria,2013,0.04376714801210509,-0.560493966,7681.93462
Bulgaria,2014,0.04503239152903236,0.966869032,7901.785876
Bulgaria,2015,0.04037638104541639,3.428054914,7074.681023
Bulgaria,2016,0.04317547423403361,3.039825276,7569.478815
Bulgaria,2017,0.04768749184026245,2.76217096,8366.293221
Bulgaria,2018,0.05380916199794469,2.684576131,9446.700772
Bulgaria,2019,0.05627765795902618,4.037592082,9879.268533
Bulgaria,2020,0.05730395471232799,-4.387149834,10079.20338
Croatia,2010,0.07994543703151721,-1.250700462,14067.52312
Croatia,2011,0.08386847891387672,-0.085243549,14757.18034
Croatia,2012,0.07615899613401744,-2.275706646,13401.65662
Croatia,2013,0.07865445677578403,-0.363117372,13837.73164
Croatia,2014,0.07822761724033025,-0.345947048,13762.37286
Croatia,2015,0.0678991076704843,2.52568842,11933.37738
Croatia,2016,0.07128010501078783,3.532432232,12527.73986
Croatia,2017,0.07752107138563527,3.41409226,13629.28959
Croatia,2018,0.08657193331189855,2.900009599,15227.5601
Croatia,2019,0.08705650437347903,3.481945603,15311.7669
Croatia,2020,0.08023631333495096,-8.099761252,14134.16268
Cyprus,2010,0.1760768529827034,2.014695707,31023.63833
Cyprus,2011,0.18383575374560313,0.401437941,32396.38574
Cyprus,2012,0.16404192937510786,-3.446822086,28912.15694
Cyprus,2013,0.15729873659060023,-6.553078255,27729.1927
Cyprus,2014,0.1541518623649352,-1.829309109,27163.33297
Cyprus,2015,0.13293838987767245,3.383079712,23408.33668
Cyprus,2016,0.1397639928329581,6.454554466,24605.92083
Cyprus,2017,0.15110707744412863,5.852540355,26608.87509
Cyprus,2018,0.16654892438898772,5.692841724,29334.11093
Cyprus,2019,0.16581816665467283,5.283187396,29206.07672
Cyprus,2020,0.1561744785619715,-5.2289881,27527.84531
Denmark,2010,0.32918426875384904,1.870991147,58041.39844
Denmark,2011,0.3502147578982067,1.336777767,61753.64713
Denmark,2012,0.3318048711790778,0.226499792,58507.50805
Denmark,2013,0.34702223180839975,0.933340972,61191.1937
Denmark,2014,0.3547255043950302,1.619393811,62548.98473
Denmark,2015,0.3020649821021285,2.342591108,53254.85637
Denmark,2016,0.31006201294165847,3.245956985,54663.99837
Denmark,2017,0.3267521414865955,2.821736341,57610.09818
Denmark,2018,0.3493065726247897,1.989537315,61591.92887
Denmark,2019,0.3390158153076393,2.114664208,59775.7351
Denmark,2020,0.34625960443770215,-2.062124959,61063.31643
Estonia,2010,0.0833670588861356,2.444265118,14663.04461
Estonia,2011,0.09930629307523299,7.263084581,17464.92008
Estonia,2012,0.09891108088051463,3.228200494,17404.2008
Estonia,2013,0.10821869955266154,1.458428636,19050.58592
Estonia,2014,0.11494542838345277,3.011366587,20234.11742
Estonia,2015,0.09884174845572788,1.853020046,17395.04062
Estonia,2016,0.10388986825266298,3.155564814,18282.92339
Estonia,2017,0.11584864397850995,5.792044675,20387.28315
Estonia,2018,0.13093025350028414,4.133819798,23052.30126
Estonia,2019,0.13288386133223115,4.096342644,23397.12001
Estonia,2020,0.1306972679301607,-2.951069313,23027.027
Finland,2010,0.2635691670453303,3.185958654,46459.97325
Finland,2011,0.28975402286883084,2.547664838,51081.99767
Finland,2012,0.2705994605301671,-1.397545728,47710.79022
Finland,2013,0.28288753228338814,-0.901696316,49878.04324
Finland,2014,0.28506057518260186,-0.364908157,50260.29986
Finland,2015,0.24270796540235132,0.543659212,42784.69836
Finland,2016,0.2484013320043779,2.811457767,43784.28396
Finland,2017,0.26264849464577233,3.19240963,46297.49635
Finland,2018,0.28340337134197163,1.141947509,49964.49991
Finland,2019,0.27583408187035857,1.220754143,48628.64176
Finland,2020,0.2764424753130031,-2.800135891,48744.98813
France,2010,0.23056236770840574,1.949437623,40638.33525
France,2011,0.24843000017821829,2.192700633,43790.72602
France,2012,0.23188111544826948,0.313134751,40874.70039
France,2013,0.24162166141900152,0.576326675,42592.93539
France,2014,0.24399713050731722,0.956183052,43011.2631
France,2015,0.2078829788461788,1.112912341,36638.18493
France,2016,0.2101449572780185,1.095464404,37037.37419
France,2017,0.2194986438541018,2.291419994,38685.25849
France,2018,0.23585511133250175,1.865066071,41572.48501
France,2019,0.23022275115516036,1.842971814,40578.64429
France,2020,0.22132578521835694,-7.855256037,39030.36037
Georgia,2010,0.018643054162157262,6.249487768,3233.295943
Georgia,2011,0.023125748952770243,7.399999867,4021.743306
Georgia,2012,0.025379906161472586,6.369008306,4421.818242
Georgia,2013,0.026489416166941785,3.621305352,4623.745725
Georgia,2014,0.027153897241290123,4.431924823,4739.188338
Georgia,2015,0.023027460317778196,3.02220738,4014.185944
Georgia,2016,0.02329791795588032,2.90643878,4062.169888
Georgia,2017,0.02499324982090887,4.842603225,4357.000936
Georgia,2018,0.027066162340753302,4.842919885,4722.787783
Georgia,2019,0.026927364118927617,4.982350475,4697.983652
Georgia,2020,0.02433446751661695,-6.760439817,4266.690795
Germany,2010,0.23565463634949477,4.179882499,41531.9342
Germany,2011,0.26462580676858516,3.925192705,46644.77603
Germany,2012,0.24879082131381106,0.418497594,43858.36306
Germany,2013,0.26254710787543095,0.437591303,46285.76407
Germany,2014,0.27205738775868205,2.209543431,47959.99327
Germany,2015,0.2330976160460054,1.491931528,41086.72967
Germany,2016,0.23889175428322007,2.229999868,42107.51727
Germany,2017,0.252695307714187,2.680231114,44542.2952
Germany,2018,0.2719875471112505,1.086024514,47950.18081
Germany,2019,0.2654401976751082,1.055508247,46794.89929
Germany,2020,0.26204541878111876,-4.569616717,46208.42947
Greece,2010,0.15142670153177212,-5.478627432,26690.60742
Greece,2011,0.14434005317580503,-10.14931483,25450.53412
Greece,2012,0.12433879412037636,-7.086696786,21914.25173
Greece,2013,0.12364493750078355,-2.515997222,21781.59535
Greece,2014,0.12258549605520262,0.475695947,21587.95755
Greece,2015,0.10267821378022925,-0.19608763,18076.60676
Greece,2016,0.10174056516717955,-0.487173294,17911.79938
Greece,2017,0.10529898945904388,1.09214912,18536.19072
Greece,2018,0.11216986940442207,1.668428636,19747.34258
Greece,2019,0.10869440593838217,1.803595256,19133.75776
Greece,2020,0.09999325306427481,-9.019129085,17622.541
Hungary,2010,0.07518957427487401,1.083118668,13223.083
Hungary,2011,0.08096373080609204,1.860155072,14240.2575
Hungary,2012,0.07383439522724397,-1.257749507,12989.18028
Hungary,2013,0.07801447769685475,1.806363928,13719.95054
Hungary,2014,0.08132562456664862,4.223725539,14298.83367
Hungary,2015,0.07237583948586805,3.703259936,12720.71202
Hungary,2016,0.07454792293015627,2.191960369,13107.37791
Hungary,2017,0.08316718610596077,4.268557419,14623.69665
Hungary,2018,0.09340241207537082,5.359496489,16427.37276
Hungary,2019,0.09513926609853386,4.554063072,16735.65978
Hungary,2020,0.090744222771137,-4.675686993,15980.74089
Iceland,2010,0.24522879011959367,-2.832774915,43237.07295
Iceland,2011,0.2706620953505801,1.845779156,47714.59223
Iceland,2012,0.2609103883475007,1.063636607,45995.54788
Iceland,2013,0.2825425983852797,4.55246032,49804.983
Iceland,2014,0.30954780102225193,1.687215018,54576.74481
Iceland,2015,0.3003734240659529,4.436663719,52951.68151
Iceland,2016,0.35160533929372395,6.303687107,61987.92636
Iceland,2017,0.40837440790778023,4.194948829,72010.14903
Iceland,2018,0.4223220686774639,4.892180731,74469.80406
Iceland,2019,0.39096190780205375,2.434823,68941.46223
Iceland,2020,0.3360416558839221,-6.50391225,59270.18005
Ireland,2010,0.2757235375102302,1.755080743,48607.94052
Ireland,2011,0.2955543455578972,1.068526654,52108.83323
Ireland,2012,0.27808579905473957,-0.052354785,49028.82739
Ireland,2013,0.29221081656687536,1.267014661,51518.3881
Ireland,2014,0.31501565027570927,8.713697808,55525.89725
Ireland,2015,0.3518423039438097,25.17624519,61987.551
Ireland,2016,0.3562608430330556,2.042232527,62818.96636
Ireland,2017,0.3947857865220691,8.940012772,69601.68388
Ireland,2018,0.44843792141284744,9.0301611,79068.97461
Ireland,2019,0.4586863575583161,4.917006978,80886.61574
Ireland,2020,0.4835262973400448,5.866975509,85267.76474
Israel,2010,0.1747427877300105,5.684707293,30780.02382
Israel,2011,0.19171637331604247,5.542590001,33775.512
Israel,2012,0.18540343789903935,2.822996205,32667.60687
Israel,2013,0.20714322672095356,4.777202349,36499.45611
Israel,2014,0.21477515488719906,4.124746861,37847.64994
Israel,2015,0.2031955881808052,2.279679419,35808.43643
Israel,2016,0.21184740628063065,4.462753818,37330.2618
Israel,2017,0.23136266703993788,4.377044428,40774.12961
Israel,2018,0.23866425717866563,3.983424594,42063.45313
Israel,2019,0.2493597021688057,3.77358981,43951.24773
Israel,2020,0.25051829364435024,-2.153428489,44168.94364
Italy,2010,0.20427694816094297,1.713295839,36000.52012
Italy,2011,0.21899010243886782,0.707333347,38599.06221
Italy,2012,0.19885087853250386,-2.980905768,35053.52624
Italy,2013,0.201678684775087,-1.841065451,35549.9747
Italy,2014,0.20152310447273672,-0.004547542,35518.41529
Italy,2015,0.17156493551633717,0.778304351,30230.2263
Italy,2016,0.1755921193719099,1.293462732,30939.71425
Italy,2017,0.18345674354183547,1.667859041,32326.67421
Italy,2018,0.1963600692631721,0.925810941,34605.26273
Italy,2019,0.19089266730776375,0.410278294,33641.63375
Italy,2020,0.17985160968323546,-8.9385925,31714.22095
Latvia,2010,0.0649068002423323,-4.470941885,11420.994
Latvia,2011,0.07586502644940261,2.564422968,13338.96224
Latvia,2012,0.07880264982233824,7.037317185,13847.33794
Latvia,2013,0.08531354405970544,2.010744815,15007.49186
Latvia,2014,0.08935814542341455,1.900096243,15721.45233
Latvia,2015,0.07838628822505242,3.885027277,13780.91355
Latvia,2016,0.0814335216559304,2.367609543,14322.02268
Latvia,2017,0.08900709814091239,3.31308889,15656.34749
Latvia,2018,0.101482804999808,3.989480387,17856.30712
Latvia,2019,0.10186345434309903,2.484326355,17926.84159
Latvia,2020,0.10064940546281839,-3.618565992,17726.25294
Lithuania,2010,0.06819478923132985,1.651240653,11987.50841
Lithuania,2011,0.08179129386565355,6.03900816,14376.94786
Lithuania,2012,0.08171113003296797,3.843864749,14367.70942
Lithuania,2013,0.08942551864114853,3.550072843,15729.65247
Lithuania,2014,0.09408002027066172,3.537009879,16551.0182
Lithuania,2015,0.08106766000302273,2.024583955,14258.22933
Lithuania,2016,0.08526689933103533,2.518828273,14998.12506
Lithuania,2017,0.09574808726373468,4.282596951,16843.69965
Lithuania,2018,0.1089661354759901,3.993310328,19176.81215
Lithuania,2019,0.11123436866391238,4.573771737,19575.76848
Lithuania,2020,0.11490290249559602,-0.132431461,20233.64135
Luxembourg,2010,0.628065203787482,3.760413593,110777.9079
Luxembourg,2011,0.67388458960529,1.044298695,118869.2999
Luxembourg,2012,0.6383138901400396,1.64990203,112591.1162
Luxembourg,2013,0.680126722870268,3.171790499,119966.0349
Luxembourg,2014,0.7002271505161201,2.623086016,123514.1967
Luxembourg,2015,0.5976809180289078,2.269784484,105419.6085
Luxembourg,2016,0.605689345934473,4.978190437,106826.7264
Luxembourg,2017,0.6231783450419964,1.317187663,109921.0314
Luxembourg,2018,0.6644225842474267,2.00437712,117197.4817
Luxembourg,2019,0.6418911729150738,3.283806756,113218.7133
Luxembourg,2020,0.657671330066918,-1.776240229,116014.6025
Malta,2010,0.12384666247624838,5.543639385,21799.17426
Malta,2011,0.13146893629069875,0.467050856,23155.55479
Malta,2012,0.1279567836195401,4.117707299,22527.63676
Malta,2013,0.14068749739405295,5.473355695,24771.07658
Malta,2014,0.15195358243148158,7.633538112,26754.26845
Malta,2015,0.14159291466143045,9.608132811,24921.60368
Malta,2016,0.14616905273263534,4.090917429,25741.44606
Malta,2017,0.1604399802529001,8.119425289,28250.69777
Malta,2018,0.17412587066807855,5.179224796,30672.29224
Malta,2019,0.17137573550838825,5.539566337,30186.19596
Malta,2020,0.15817399386430248,-7.001129615,27884.64283
Montenegro,2010,0.03817901069550376,2.734331082,6688.4824
Montenegro,2011,0.04181469016706387,3.228451021,7328.932252
Montenegro,2012,0.03753318436080054,-2.723790771,6586.721279
Montenegro,2013,0.04101119156344796,3.548979912,7186.429787
Montenegro,2014,0.042076409883188,1.783698581,7378.345289
Montenegro,2015,0.03720007828285104,3.390381397,6514.272695
Montenegro,2016,0.04011108248658834,2.949280321,7028.936577
Montenegro,2017,0.044412773470695145,4.716465276,7784.06529
Montenegro,2018,0.05043483401525761,5.077888811,8845.914219
Montenegro,2019,0.05078883735524859,4.062944992,8910.650834
Montenegro,2020,0.043553227735758315,-15.30689376,7677.152226
Netherlands,2010,0.288990923775684,1.342739336,50950.03434
Netherlands,2011,0.30718068848396024,1.551189312,54159.34661
Netherlands,2012,0.2839907514248578,-1.030353991,50073.00566
Netherlands,2013,0.2959654789443314,-0.130175288,52184.06185
Netherlands,2014,0.29964666979771826,1.423395395,52830.17423
Netherlands,2015,0.25627301537651725,1.959169721,45175.23189
Netherlands,2016,0.2609944121546015,2.191713719,46007.85292
Netherlands,2017,0.275438123460588,2.910902513,48554.99228
Netherlands,2018,0.30072651936522304,2.360915095,53018.62936
Netherlands,2019,0.29764786054023873,1.955588416,52476.27325
Netherlands,2020,0.2971263827721968,-3.798635993,52397.11671
The former Yugoslav Republic of Macedonia,2010,0.02622508577875305,3.358750858,4577.688755
The former Yugoslav Republic of Macedonia,2011,0.029161326957169324,2.339886045,5098.097583
The former Yugoslav Republic of Macedonia,2012,0.0270303130938059,-0.456183224,4728.308142
The former Yugoslav Republic of Macedonia,2013,0.029978899354310713,2.925257665,5241.058345
The former Yugoslav Republic of Macedonia,2014,0.03143106547287906,3.629123513,5495.735049
The former Yugoslav Republic of Macedonia,2015,0.027840043466772203,3.85586514,4861.553971
The former Yugoslav Republic of Macedonia,2016,0.029459568225487807,2.848205194,5149.589074
The former Yugoslav Republic of Macedonia,2017,0.031142407031558007,1.081772738,5450.492881
The former Yugoslav Republic of Macedonia,2018,0.03489547293241417,2.88059671,6108.740108
The former Yugoslav Republic of Macedonia,2019,0.0346911789975254,3.910419538,6070.388054
The former Yugoslav Republic of Macedonia,2020,0.033707894586644145,-5.208444057,5917.262575
Norway,2010,0.49720911013731584,0.701833824,87693.79007
Norway,2011,0.5703551351582319,0.981434479,100600.5624
Norway,2012,0.5756108576400969,2.703109471,101524.1419
Norway,2013,0.5834629054675489,1.034072914,102913.4508
Norway,2014,0.5500720291792485,1.969544301,97019.18275
Norway,2015,0.42163734241324125,1.967128438,74355.51586
Norway,2016,0.3995533439459321,1.071558977,70460.56053
Norway,2017,0.42810923409117213,2.323290208,75496.75406
Norway,2018,0.4664654424134927,1.118828479,82267.80932
Norway,2019,0.42935298027253055,0.745798219,75719.7529
Norway,2020,0.3817880178657881,-0.717182669,67329.67779
Poland,2010,0.07176597149560834,3.740521281,12613.011
Poland,2011,0.07895637663105669,4.757635638,13879.56099
Poland,2012,0.07447966175263002,1.324896305,13097.27085
Poland,2013,0.07787277050400261,1.125763386,13696.4663
Poland,2014,0.08115891790884835,3.378581715,14271.30585
Poland,2015,0.0715766537503005,4.23632685,12578.49547
Poland,2016,0.07082009483567028,3.141725778,12447.43959
Poland,2017,0.07887298133768002,4.830656005,13864.68176
Poland,2018,0.08796832055236517,5.353703355,15468.48222
Poland,2019,0.08945511080025395,4.744950156,15732.20313
Poland,2020,0.08929929297950658,-2.540658682,15720.99466
Portugal,2010,0.12776259497087358,1.737625476,22498.69086
Portugal,2011,0.13161923827902458,-1.696164781,23186.91313
Portugal,2012,0.11673035965647925,-4.057293608,20564.88986
Portugal,2013,0.1229026104251671,-0.922644675,21647.04181
Portugal,2014,0.12534560523141355,0.792190302,22074.30076
Portugal,2015,0.10930974353482223,1.792046046,19242.36647
Portugal,2016,0.11348372260442607,2.019485396,19978.40121
Portugal,2017,0.12177038574172576,3.506345285,21437.3475
Portugal,2018,0.13374037240903186,2.849325934,23551.04829
Portugal,2019,0.1324902164918644,2.682759921,23330.81729
Portugal,2020,0.1258066232569919,-8.442456428,22176.29671
Romania,2010,0.046740467148609445,-3.90123628,8214.076893
Romania,2011,0.05183011706013988,1.906067707,9099.217539
Romania,2012,0.04847632819843425,2.040665131,8507.104775
Romania,2013,0.05439614848691153,3.770962304,9547.852151
Romania,2014,0.05720392756648276,3.608723653,10043.67745
Romania,2015,0.05110629204443353,2.953674037,8969.148921
Romania,2016,0.05441212287726038,4.702997747,9548.587403
Romania,2017,0.061576727097280896,7.319448529,10807.00917
Romania,2018,0.07056237118646932,4.474523775,12398.98198
Romania,2019,0.07339430051284743,4.188260341,12899.34611
Romania,2020,0.07327298636503426,-3.930454057,12896.08862
Serbia,2010,0.032752657590065515,0.731044553,5735.422857
Serbia,2011,0.038854044231815946,2.036276689,6809.159804
Serbia,2012,0.03432447789006091,-0.681542369,6015.945228
Serbia,2013,0.03855838797534197,2.892636734,6755.073675
Serbia,2014,0.03762312652766561,-1.58951032,6600.056809
Serbia,2015,0.03193639136619259,1.806059265,5588.980728
Serbia,2016,0.03295444283831391,3.338586765,5765.200762
Serbia,2017,0.035927210251435915,2.101163847,6292.543629
Serbia,2018,0.04139704072123891,4.495121293,7252.401858
Serbia,2019,0.04232890006656411,4.331734906,7417.203649
Serbia,2020,0.04398089124538743,-0.944596516,7720.510572
Slovenia,2010,0.1334860895625652,1.343748472,23509.54314
Slovenia,2011,0.14246548753137545,0.861327733,25095.13229
Slovenia,2012,0.12852550883820457,-2.639438757,22643.10025
Slovenia,2013,0.13338269180136467,-1.029282772,23496.6025
Slovenia,2014,0.13750150675448397,2.768158831,24214.92207
Slovenia,2015,0.1186054970403889,2.210081607,20881.76693
Slovenia,2016,0.12304881699608365,3.191852518,21663.64341
Slovenia,2017,0.13322632944323975,4.815380632,23455.94473
Slovenia,2018,0.14822842392678276,4.422521568,26104.10279
Slovenia,2019,0.14730035288737878,3.250531336,25942.95477
Slovenia,2020,0.1447935879155142,-4.229261389,25517.33067
Spain,2010,0.17310135652320802,0.163010231,30502.71971
Spain,2011,0.17951378571768342,-0.814373455,31636.44631
Spain,2012,0.1607174604970708,-2.959441302,28324.42934
Spain,2013,0.16490267427671979,-1.435394259,29059.54795
Spain,2014,0.16721653270863254,1.383907943,29461.55033
Spain,2015,0.14611238613212513,3.83517266,25732.01836
Spain,2016,0.15048462232353116,3.03130133,26505.34322
Spain,2017,0.15952410981491633,2.973641191,28100.58624
Spain,2018,0.1722614223275931,2.288785676,30349.7521
Spain,2019,0.16775678402514987,2.085191421,29555.3157
Spain,2020,0.15347043846301303,-10.82288649,27063.19392
Sweden,2010,0.2999243189742429,5.952107008,52869.04429
Sweden,2011,0.344583289716791,3.195333235,60755.75955
Sweden,2012,0.3291328410548831,-0.588304569,58037.82132
Sweden,2013,0.3466613485717909,1.187775716,61126.9432
Sweden,2014,0.34040898434085964,2.657798275,60020.36046
Sweden,2015,0.29240518852002756,4.489281588,51545.48361
Sweden,2016,0.29475283032866606,2.070593151,51965.15715
Sweden,2017,0.30510903757197405,2.567924525,53791.50873
Sweden,2018,0.3096209226750372,1.950022846,54589.06039
Sweden,2019,0.29460596427841657,1.986195874,51939.42974
Sweden,2020,0.2964417737313414,-2.948127879,52274.40879
Switzerland,2010,0.4373038269139921,3.268101656,77117.12601
Switzerland,2011,0.517400401038437,1.920445985,91254.03476
Switzerland,2012,0.49072059911326493,1.217193657,86547.67089
Switzerland,2013,0.49957904381316315,1.821667791,88109.48675
Switzerland,2014,0.5085137165586903,2.446845157,89684.70758
Switzerland,2015,0.4806869542916912,1.657768711,84776.14217
Switzerland,2016,0.47104176878300713,2.045186469,83073.28008
Switzerland,2017,0.4726159404412609,1.584819616,83352.08865
Switzerland,2018,0.4898395746768019,2.916905098,86388.40495
Switzerland,2019,0.48384560981425234,1.210992207,85334.51946
Switzerland,2020,0.49378811094654956,-2.392826042,87097.03645
Turkey,2010,0.061226745537408464,8.427104323,10742.77498
Turkey,2011,0.06510284776287181,11.20011058,11420.55546
Turkey,2012,0.06714718187979704,4.788492711,11795.63346
Turkey,2013,0.07183612250314864,8.485816997,12614.78161
Turkey,2014,0.06920256912719983,4.939715161,12157.99043
Turkey,2015,0.06269034371925179,6.084486904,11006.27952
Turkey,2016,0.062022493195996016,3.323084208,10894.60338
Turkey,2017,0.060347369068056995,7.501997489,10589.66772
Turkey,2018,0.05385624243199455,2.979885235,9454.348443
Turkey,2019,0.05194359981140394,0.889585161,9121.515167
Turkey,2020,0.04863940199435042,1.793551396,8536.43332
Ukraine,2010,0.017738098484477417,4.092004367,3078.429982
Ukraine,2011,0.021305013715210448,5.445280813,3704.824973
Ukraine,2012,0.022937937264592558,0.152314965,4004.804396
Ukraine,2013,0.02397327569234486,0.045439094,4187.739845
Ukraine,2014,0.017707120778736693,-10.07889498,3104.643206
Ukraine,2015,0.012157459441789328,-9.772987211,2124.662319
Ukraine,2016,0.012669601702146796,2.440981945,2187.73051
Ukraine,2017,0.015222093522643044,2.359972281,2638.326055
Ukraine,2018,0.017833203245325814,3.488362342,3096.561697
Ukraine,2019,0.02103079236238796,3.199503862,3661.456204
Ukraine,2020,0.021299336387032294,-4.000006101,3724.938437
United Kingdom,2010,0.22518262302202618,2.131438198,39688.61497
United Kingdom,2011,0.23988710581769634,1.457563391,42284.88449
United Kingdom,2012,0.24216491132525686,1.469887521,42686.80005
United Kingdom,2013,0.24799030700097613,1.890018342,43713.81412
United Kingdom,2014,0.2710883071372032,2.991164814,47787.2413
United Kingdom,2015,0.25758106311985185,2.622596679,45404.56777
United Kingdom,2016,0.23544686923982258,2.263463538,41499.5557
United Kingdom,2017,0.23180816330263737,2.134453093,40857.75558
United Kingdom,2018,0.2476083712034794,1.650925496,43646.95197
United Kingdom,2019,0.24434188362875225,1.671944197,43070.49836
United Kingdom,2020,0.2328034905097091,-9.396160006,41059.16881
Russia,2010,0.13550530010580086,10675.0,4.5
Russia,2011,0.1815677589120043,14311.0,4.3
Russia,2012,0.19562848990804743,15421.0,4.02
Russia,2013,0.2026341726435259,15975.0,1.76
Russia,2014,0.17882380217881733,14096.0,0.74
Russia,2015,0.11821379076994527,9313.0,-1.97
Russia,2016,0.11052342858049254,8705.0,0.19
Russia,2017,0.13606026321925035,10720.0,1.83
Russia,2018,0.14324900079704292,11287.0,2.81
Russia,2019,0.1464000638644093,11536.0,2.2
Russia,2020,0.12937111013858385,10194.0,-2.65
Republic of Moldova,2010,0.03115483278951284,2437.0,7.1
Republic of Moldova,2011,0.037532631433544635,2941.0,5.82
Republic of Moldova,2012,0.03881385655292833,3045.0,-0.59
Republic of Moldova,2013,0.042365005922565646,3321.0,9.04
Republic of Moldova,2014,0.04193671115250252,3289.0,5.0
Republic of Moldova,2015,0.03507799065338607,2750.0,-0.34
Republic of Moldova,2016,0.036347806871293915,2848.0,4.65
Republic of Moldova,2017,0.0440350775103558,3455.0,4.18
Republic of Moldova,2018,0.052927976633277606,4157.0,4.08
Republic of Moldova,2019,0.05606682430469798,4405.0,3.55
Republic of Moldova,2020,0.055632389987105534,4376.0,-8.28
Slovakia,2010,0.21449489780729283,16909.0,6.72
Slovakia,2011,0.23475462284366627,18510.0,2.67
Slovakia,2012,0.22192619262604338,17498.0,1.32
Slovakia,2013,0.2317785735875054,18276.0,0.63
Slovakia,2014,0.23741523134679302,18720.0,2.7
Slovakia,2015,0.20792369902999053,16391.0,5.17
Slovakia,2016,0.2100844204828232,16563.0,1.94
Slovakia,2017,0.22303755480307363,17585.0,2.94
Slovakia,2018,0.24712703456080895,19486.0,4.03
Slovakia,2019,0.24580087025182756,19382.0,2.51
Slovakia,2020,0.2479214066949774,19552.0,-3.34
Czech Republic,2010,0.253122957127759,19960.0,2.43
Czech Republic,2011,0.2773291505395301,21871.0,1.76
Czech Republic,2012,0.25197719026555915,19871.0,-0.79
Czech Republic,2013,0.25530059757393575,20133.0,-0.05
Czech Republic,2014,0.2522478496638775,19891.0,2.26
Czech Republic,2015,0.22615528382505423,17830.0,5.39
Czech Republic,2016,0.23557735519317746,18575.0,2.54
Czech Republic,2017,0.2617025628645458,20636.0,5.17
Czech Republic,2018,0.29701200043514,23424.0,3.22
Czech Republic,2019,0.3000640935982787,23665.0,3.03
Czech Republic,2020,0.2915023510383277,22993.0,-5.5
